Truth,Envelope,Envelope H0,Envelope H1,Envelope H2,Envelope H3,GCC,GCC H0,GCC H1,GCC H2,GCC H3
,2,0.00860928,0.078656,0.0,0.06901888,0,0.0,0.0,1.28e-06,0.38537216
,1,0.00418816,0.0,0.0,0.02645376,0,0.0,1.28e-06,0.0,0.8137548800000001
,2,0.00054656,0.01793408,0.0,0.0505344,3,0.0,1.28e-06,-1.28e-06,-0.58018176
,0,0.0,0.01060608,0.02535552,0.01891456,3,0.0,0.0,0.0,-0.17489152
,0,0.0,0.00532992,0.0,0.07714048,0,0.0,1.28e-06,0.0,0.27705856
