Target_Hydrophone,Earliest_Hydrophone_TOA,Hydrophone_0_TOA,Hydrophone_1_TOA,Hydrophone_2_TOA,Hydrophone_3_TOA
0,0,0.0,0.0,0.0005256,0.0001216
0,0,0.0,0.0,0.0005256,0.0001216
0,0,0.0,0.0,0.0005256,0.0001216
0,0,0.0,0.0,0.0005256,0.0001216
0,0,0.0,0.0,0.0005256,0.0001216
