Target_Hydrophone,Earliest_Hydrophone_TOA,Hydrophone_0_TOA,Hydrophone_1_TOA,Hydrophone_2_TOA,Hydrophone_3_TOA,Earliest_Hydrophone_GCC,Hydrophone_0_TDOA,Hydrophone_1_TDOA,Hydrophone_2_TDOA,Hydrophone_3_TDOA
0,3,0.20265472,0.2030848,0.20304768,0.0,1,0.0,-0.00029824,-1.28e-06,0.00962432
0,3,0.20265472,0.2030848,0.20304768,0.0,1,0.0,-0.00029824,-1.28e-06,0.00962432
0,3,0.20265472,0.2030848,0.20304768,0.0,1,0.0,-0.00029824,-1.28e-06,0.00962432
0,3,0.20265472,0.2030848,0.20304768,0.0,1,0.0,-0.00029824,-1.28e-06,0.00962432
0,3,0.20265472,0.2030848,0.20304768,0.0,1,0.0,-0.00029824,-1.28e-06,0.00962432
